source,target,weight,relation
0,1,1,friend
0,3,1,friend
0,11,1,friend
0,18,1,friend
0,19,1,friend
0,20,1,friend
0,23,1,friend
1,0,1,friend
1,2,1,friend
1,3,1,friend
1,6,1,friend
1,11,1,friend
1,19,1,friend
1,20,1,friend
1,21,1,friend
1,24,1,friend
1,28,1,friend
2,1,1,friend
2,3,1,friend
2,6,1,friend
2,9,1,friend
2,19,1,friend
2,21,1,friend
2,24,1,friend
2,28,1,friend
3,0,1,friend
3,1,1,friend
3,2,1,friend
3,6,1,friend
3,11,1,friend
3,19,1,friend
3,20,1,friend
3,21,1,friend
3,24,1,friend
3,28,1,friend
4,7,1,friend
4,17,1,friend
5,14,1,friend
6,1,1,friend
6,2,1,friend
6,3,1,friend
6,9,1,friend
6,19,1,friend
6,21,1,friend
6,24,1,friend
6,28,1,friend
7,4,1,friend
7,17,1,friend
9,2,1,friend
9,6,1,friend
9,17,1,friend
9,21,1,friend
9,24,1,friend
11,0,1,friend
11,1,1,friend
11,3,1,friend
11,18,1,friend
11,19,1,friend
11,20,1,friend
11,23,1,friend
11,28,1,friend
12,14,1,friend
12,16,1,friend
12,22,1,friend
13,29,1,friend
14,5,1,friend
14,12,1,friend
14,22,1,friend
15,27,1,friend
16,12,1,friend
16,22,1,friend
17,4,1,friend
17,7,1,friend
17,9,1,friend
18,0,1,friend
18,11,1,friend
18,20,1,friend
18,23,1,friend
19,0,1,friend
19,1,1,friend
19,2,1,friend
19,3,1,friend
19,6,1,friend
19,11,1,friend
19,21,1,friend
19,24,1,friend
19,28,1,friend
20,0,1,friend
20,1,1,friend
20,3,1,friend
20,11,1,friend
20,18,1,friend
20,23,1,friend
21,1,1,friend
21,2,1,friend
21,3,1,friend
21,6,1,friend
21,9,1,friend
21,19,1,friend
21,24,1,friend
21,28,1,friend
22,12,1,friend
22,14,1,friend
22,16,1,friend
23,0,1,friend
23,11,1,friend
23,18,1,friend
23,20,1,friend
24,1,1,friend
24,2,1,friend
24,3,1,friend
24,6,1,friend
24,9,1,friend
24,19,1,friend
24,21,1,friend
24,28,1,friend
27,15,1,friend
28,1,1,friend
28,2,1,friend
28,3,1,friend
28,6,1,friend
28,11,1,friend
28,19,1,friend
28,21,1,friend
28,24,1,friend
29,13,1,friend
0,4,1,enemmy
0,29,1,enemmy
1,6,1,enemmy
4,0,1,enemmy
4,22,1,enemmy
4,24,1,enemmy
6,1,1,enemmy
6,17,1,enemmy
8,22,1,enemmy
9,24,1,enemmy
13,24,1,enemmy
17,6,1,enemmy
19,21,1,enemmy
20,22,1,enemmy
21,19,1,enemmy
22,4,1,enemmy
22,8,1,enemmy
22,20,1,enemmy
24,4,1,enemmy
24,9,1,enemmy
24,13,1,enemmy
24,28,1,enemmy
28,24,1,enemmy
29,0,1,enemmy
