source,target,weight,relation
0,3,1,friend
0,14,1,friend
1,9,1,friend
1,13,1,friend
1,15,1,friend
2,7,1,friend
3,0,1,friend
3,14,1,friend
4,7,1,friend
4,12,1,friend
4,16,1,friend
4,19,1,friend
4,25,1,friend
4,27,1,friend
6,8,1,friend
6,21,1,friend
6,28,1,friend
6,29,1,friend
7,2,1,friend
7,4,1,friend
7,19,1,friend
8,6,1,friend
8,17,1,friend
8,21,1,friend
8,23,1,friend
8,26,1,friend
8,28,1,friend
8,29,1,friend
9,1,1,friend
9,13,1,friend
9,15,1,friend
11,12,1,friend
11,16,1,friend
11,17,1,friend
11,20,1,friend
11,21,1,friend
11,23,1,friend
11,24,1,friend
11,25,1,friend
11,26,1,friend
11,27,1,friend
12,4,1,friend
12,11,1,friend
12,16,1,friend
12,19,1,friend
12,20,1,friend
12,23,1,friend
12,24,1,friend
12,25,1,friend
12,27,1,friend
13,1,1,friend
13,9,1,friend
13,15,1,friend
14,0,1,friend
14,3,1,friend
15,1,1,friend
15,9,1,friend
15,13,1,friend
16,4,1,friend
16,11,1,friend
16,12,1,friend
16,19,1,friend
16,20,1,friend
16,24,1,friend
16,25,1,friend
16,27,1,friend
17,8,1,friend
17,11,1,friend
17,20,1,friend
17,21,1,friend
17,23,1,friend
17,24,1,friend
17,25,1,friend
17,26,1,friend
17,27,1,friend
19,4,1,friend
19,7,1,friend
19,12,1,friend
19,16,1,friend
19,24,1,friend
19,25,1,friend
19,27,1,friend
20,11,1,friend
20,12,1,friend
20,16,1,friend
20,17,1,friend
20,21,1,friend
20,23,1,friend
20,24,1,friend
20,25,1,friend
20,26,1,friend
20,27,1,friend
21,6,1,friend
21,8,1,friend
21,11,1,friend
21,17,1,friend
21,20,1,friend
21,23,1,friend
21,24,1,friend
21,26,1,friend
23,8,1,friend
23,11,1,friend
23,12,1,friend
23,17,1,friend
23,20,1,friend
23,21,1,friend
23,24,1,friend
23,25,1,friend
23,26,1,friend
23,27,1,friend
24,11,1,friend
24,12,1,friend
24,16,1,friend
24,17,1,friend
24,19,1,friend
24,20,1,friend
24,21,1,friend
24,23,1,friend
24,25,1,friend
24,26,1,friend
24,27,1,friend
25,4,1,friend
25,11,1,friend
25,12,1,friend
25,16,1,friend
25,17,1,friend
25,19,1,friend
25,20,1,friend
25,23,1,friend
25,24,1,friend
25,26,1,friend
25,27,1,friend
26,8,1,friend
26,11,1,friend
26,17,1,friend
26,20,1,friend
26,21,1,friend
26,23,1,friend
26,24,1,friend
26,25,1,friend
27,4,1,friend
27,11,1,friend
27,12,1,friend
27,16,1,friend
27,17,1,friend
27,19,1,friend
27,20,1,friend
27,23,1,friend
27,24,1,friend
27,25,1,friend
28,6,1,friend
28,8,1,friend
28,29,1,friend
29,6,1,friend
29,8,1,friend
29,28,1,friend
0,1,1,enemmy
1,0,1,enemmy
1,18,1,enemmy
1,23,1,enemmy
2,23,1,enemmy
3,4,1,enemmy
3,23,1,enemmy
3,25,1,enemmy
4,3,1,enemmy
4,8,1,enemmy
6,16,1,enemmy
6,21,1,enemmy
6,22,1,enemmy
7,11,1,enemmy
8,4,1,enemmy
8,10,1,enemmy
8,16,1,enemmy
8,22,1,enemmy
10,8,1,enemmy
11,7,1,enemmy
11,17,1,enemmy
11,22,1,enemmy
16,6,1,enemmy
16,8,1,enemmy
17,11,1,enemmy
18,1,1,enemmy
21,6,1,enemmy
22,6,1,enemmy
22,8,1,enemmy
22,11,1,enemmy
23,1,1,enemmy
23,2,1,enemmy
23,3,1,enemmy
25,3,1,enemmy
